hydropowerAk,irrigation,environment,floodcontrol,hydropowerKp
5025.209441038554,0.3643147004638239,0.30826641473783656,0.0,974.3232687270566
5011.449175129903,0.0671286814419685,0.3616438356164383,0.0,972.1259549750301
5019.418680274591,0.558534627714879,0.32649976381672174,0.0,969.6988138051253
5021.571236718888,0.18369952133868947,0.3558809636277751,0.0,974.6324748198869
5023.987017177953,0.45117092008782694,0.2966461974492206,0.0,973.5640908756126
3882.5185417202338,0.135312311118129,0.6109589041095891,0.0,733.3269891892439
5022.124316411479,0.4503539294097108,0.3213982050070855,0.0,969.4850087129838
3961.8286767206414,0.19954973546463334,0.589041095890411,0.0,750.7857363649803
3375.3297965792963,0.13796085698074573,0.6904109589041096,0.0,637.8620673076683
5025.171447751178,0.20736072250060103,0.29985829003306563,0.0,975.0382889275644
3580.953314768875,0.07840357835411063,0.6602739726027398,0.0,674.5663413482594
5017.22429388999,0.658711746904574,0.32725555030703823,0.0,968.4615636716096
5023.588659672924,0.4184349076276951,0.3203589985829003,0.0,974.0095304095595
5023.903292462362,0.06294855196186269,0.35210203117619276,0.0,975.1350867536288
5015.676303374218,0.6121819655768201,0.3308455361360416,0.0,968.0952495930225
3937.288922987651,0.12675056753020467,0.5917808219178082,0.0,744.1821592504049
5016.484924630711,0.4605734061474046,0.3276334435521965,0.0,972.1708621533703
5025.446843569031,0.051416613006551155,0.32158715162966467,0.0,974.5887997770235
5024.915201656997,0.3599066743077418,0.3422768068020784,0.0,974.5596761903553
5026.060427407777,0.01965264298148472,0.3198866320264525,0.0,974.7298666263407
5019.171703879274,0.608017593061684,0.32470477090222016,0.0,969.1535204780047
5020.873188148426,0.4506785415979996,0.3080774681152575,0.0,973.0695256438789
5016.314000793137,0.4129871733968571,0.33670288143599436,0.0,972.5858449015984
5016.85133085338,0.5718731080041058,0.3326405290505432,0.0,968.6336447475406
5012.610765534093,0.4101258697021825,0.3428436466698158,0.0,971.4615638753771
5025.8504751203445,0.01118248433270726,0.3201700519603212,0.0,974.7058726634818
5014.559528283953,0.6577851451113833,0.3383089277279169,0.0,967.7829101875325
4012.6182968983103,0.8509197684405545,0.5917808219178082,0.0,742.469918675907
5023.307174088314,0.35345667366355255,0.3514407179971658,0.0,974.4840476264609
5014.180227460452,0.5885463049053944,0.3308455361360416,0.0,969.3081040568158
5016.778329601784,0.4716525537090983,0.3287671232876712,0.0,971.5783913373158
5016.8505658254735,0.5430962646224385,0.3626830420406235,0.0,967.7603391755937
5018.713188574145,0.7881963364452119,0.3428436466698158,0.0,961.1972941299812
5021.552641471741,0.525969796153193,0.3328294756731224,0.0,969.1751804418312
5013.092552561204,0.6411331738128846,0.35937647614548895,0.0,966.6139688326903
5019.7312543564785,0.5426648961992738,0.35021256495040154,0.0,968.5702402329441
5019.998029235706,0.7014498171816033,0.3498346717052433,0.0,967.1443365422325
5014.493050153157,0.6014423289384657,0.33122342938119986,0.0,968.8048854561837
5010.9253140686205,0.6739738523528666,0.38072744449692963,0.0,965.8188212044644
4142.875275319373,0.8886420417036258,0.5753424657534247,0.0,767.6055735651881
5014.389810386327,0.80947169856873,0.3686348606518659,0.0,962.7728243167423
5012.646004378857,0.7159850752106516,0.3725082664147379,0.0,965.1935794582565
5016.896045966873,0.7155609454838849,0.350118091639112,0.0,966.1504087890356
5020.003842742903,0.5071542223500148,0.3333963155408597,0.0,971.4972651316247
5006.29870721837,0.7333109518394165,0.39064714218233354,0.0,963.6446396977096
5019.2562802906705,0.5653531855604876,0.35342465753424657,0.0,968.3579739444153
5015.046040483848,0.6621624685095151,0.37524799244213514,0.0,966.3133706506221
5010.236635076231,0.7790324848435175,0.39121398205007085,0.0,963.3789673910346
5014.02039699622,0.7713978954433933,0.3788379782711384,0.0,963.22887012203
5017.831813779681,0.8385465887054094,0.3365139348134152,0.0,962.2842164976041
5010.713528872739,0.8146759404088935,0.38101086443079835,0.0,962.652715787949
5016.442265840762,0.8520428560256259,0.3461502125649504,0.0,961.4405305173251
5012.960215673351,0.80910837922033,0.37203589985829,0.0,962.3907535371142
5012.368029150954,0.7688282353398677,0.3855455833726972,0.0,964.0780793881735
5018.5643685764735,0.8527258990190617,0.3212092583845064,0.0,961.1602836268625
5016.849201515631,0.7602040069475214,0.3603212092583845,0.0,965.405390097667
5008.80570039323,0.8158564275689038,0.38384506376948513,0.0,963.2254521106839
3016.504276952807,0.7995825097364361,0.7835616438356164,0.0,553.2987479057565
5013.464678328503,0.8347942416490611,0.37817666509211145,0.0,961.8668777318582
3039.8996496599148,0.8354139383775009,0.7726027397260273,0.0,556.3890920180766
3892.3002848060505,0.7792630509151289,0.6246575342465753,0.0,717.956802865284
5013.712152865876,0.589328764591187,0.3762871988663202,0.0,967.0889770324723
3247.6002576023525,0.8423865953569367,0.7315068493150685,0.0,593.9798794002687
5005.790799503419,0.8200772533343297,0.39178082191780816,0.0,961.7783741173798
2723.6311326587233,0.8419783448289702,0.8328767123287671,0.0,495.3915443139135
5013.7006038572745,0.6613348727136735,0.3827113840340104,0.0,964.9327608129572
4836.343065382943,0.6583192621353431,0.4219178082191781,0.0,925.8127613099795
5017.558519230036,0.7685539769368497,0.35805384978743504,0.0,965.3209381954628
5008.658731401594,0.8557815974053765,0.3900803023145961,0.0,961.0258386143181
5010.87969610336,0.9036826938239252,0.3527633443552196,0.0,959.9773316736447
5016.557026589292,0.801527763707817,0.3573925366084081,0.0,964.2763387519454
4787.902335542138,0.9094399199498239,0.4301369863013699,0.0,910.5755015807748
5013.880870139711,0.8645466896913351,0.36041568256967405,0.0,960.9390023377017
4960.184786434428,0.9099667815428508,0.39178082191780816,0.0,949.621955644058
3168.336703802861,0.8400598451531531,0.7506849315068493,0.0,578.9911397690034
5015.496065940171,0.8636732681033994,0.3508738781294284,0.0,961.2129693165423
3043.0583830435794,0.7952354070814314,0.7726027397260273,0.0,558.1609698362064
4403.029150852476,0.8248330195607162,0.526027397260274,0.0,826.3456195954291
3970.7146465644987,0.668023283522387,0.6027397260273972,0.0,733.9086122250615
4808.159635204973,0.8124765335357861,0.44109589041095887,0.0,915.3789625976325
3192.167728909954,0.8472338450607063,0.7424657534246575,0.0,584.574738010239
3886.691859695778,0.820742374088795,0.6219178082191781,0.0,716.1420328589872
5015.073031165751,0.8524008713784113,0.3406707605101559,0.0,961.9647504675487
4258.047810977758,0.8244211655293178,0.5671232876712329,0.0,794.4755912679548
4587.025148069951,0.8476127058035333,0.4904109589041096,0.0,865.2455542018927
4671.6368307574085,0.8866139623580109,0.4739726027397261,0.0,884.3434730787787
4577.037061536205,0.8861286440790226,0.4904109589041096,0.0,862.7598749731862
2997.4855291343924,0.8600069445323251,0.7808219178082192,0.0,546.7099974494686
4701.269039206951,0.791252641521591,0.4657534246575342,0.0,891.8005303770173
4467.456819788023,0.8989737620123558,0.5041095890410958,0.0,837.9130732597306
3871.6661216721654,0.8535855395459712,0.6219178082191781,0.0,712.489894690413
4735.007076765665,0.8154064872895829,0.452054794520548,0.0,898.9997498518376
2703.94289433285,0.9034186915625046,0.7945205479452055,0.0,488.6096259478288
3319.035424755286,0.83703556524733,0.7205479452054795,0.0,607.4530171647979
5009.854562360186,0.9005384788350804,0.35314123760037786,0.0,960.1062925741853
4758.654924036937,0.8550070787749487,0.4465753424657535,0.0,903.6831667593817
4203.801997476441,0.8356098634753555,0.5726027397260274,0.0,782.4297937372224
5011.836092665074,0.9039518645588424,0.34841757203589985,0.0,960.1185642099038
2946.076369745105,0.8619617097937539,0.7917808219178082,0.0,536.7895109157333
3128.066435407594,0.8320896434041265,0.7643835616438356,0.0,572.3216346047984
3787.6826652543064,0.820797237695675,0.6410958904109589,0.0,695.8398690402173
5016.980742206698,0.8582739700848544,0.3372697213037317,0.0,960.8791224458541
4964.1537638882155,0.856408816089368,0.41369863013698627,0.0,950.6105758315412
4969.730483254314,0.8078586265934827,0.41369863013698627,0.0,951.1262667732998
2980.0629452466806,0.9003775284524326,0.7534246575342466,0.0,538.9864344937524
3361.276246040555,0.8529128413802494,0.7013698630136986,0.0,615.7886825887394
3680.275242406018,0.7915072651624023,0.6630136986301369,0.0,674.2378960272741
3524.266938082119,0.8346216707093234,0.6821917808219178,0.0,645.5439041645233
5011.666935134949,0.8510729754361493,0.38101086443079835,0.0,961.8664377056725
2851.1247224394046,0.8561928883675355,0.810958904109589,0.0,520.1590021213941
4839.871766953169,0.8566024757519882,0.43561643835616437,0.0,922.2676788857812
4573.969012951708,0.9058868974043441,0.4821917808219178,0.0,861.5877424865452
2899.346190549647,0.8530763104042112,0.8027397260273973,0.0,530.1428192267454
3771.705519929058,0.7699007102638913,0.6547945205479452,0.0,693.9938157695452
4545.587931458382,0.9000926044884299,0.4931506849315068,0.0,855.0998849869994
4730.457937920043,0.8865932184090911,0.452054794520548,0.0,897.2065536848944
4832.051534583604,0.9103182400723082,0.40273972602739727,0.0,918.5566937156802
4124.350256831677,0.9001717249336276,0.5506849315068494,0.0,762.9839164944041
4720.366535332913,0.902007010023908,0.4465753424657535,0.0,895.3475251559827
3531.536891889941,0.834367661257626,0.6794520547945205,0.0,647.1199042571619
3749.3051018098668,0.9052835347797652,0.6219178082191781,0.0,684.5410487547183
3903.104007827582,0.9027073344319706,0.5917808219178082,0.0,716.5116164008795
3737.404550885043,0.9043386687216126,0.6301369863013699,0.0,682.9943323628823
5017.161118027848,0.8154175590115426,0.3482286254133208,0.0,963.5886838104396
3073.408001190574,0.8573369991035943,0.7643835616438356,0.0,562.226005592745
2923.9823182464656,0.9027010258582507,0.7616438356164383,0.0,529.8895536246596
4847.603083216428,0.8810144954672394,0.4246575342465754,0.0,923.4741877439384
3677.9592753053644,0.842226243289847,0.6602739726027398,0.0,672.9317718953029
5012.750048738908,0.9008905930058361,0.34558337269721306,0.0,958.7545746800737
4986.315319102832,0.9114628574671712,0.38082191780821917,0.0,954.6606992640941
4167.596676513774,0.8638648551601693,0.5506849315068494,0.0,773.7508687136605
3525.6818870890424,0.8551810219586249,0.6767123287671233,0.0,644.6006543947066
3345.988045604594,0.9014458084071706,0.6821917808219178,0.0,609.0502881570158
3082.4877006550832,0.9005457949305825,0.7342465753424657,0.0,558.2915096989952
3736.969040959841,0.8335520674554222,0.6520547945205479,0.0,685.5018447654867
2902.51855803096,0.8384560280279921,0.8027397260273973,0.0,531.093983978521
4320.830202223854,0.8779669839303926,0.5424657534246575,0.0,806.4242585257664
3485.37791697722,0.8572749577200915,0.6821917808219178,0.0,637.0922613930663
3421.117134906848,0.8255089287490116,0.7013698630136986,0.0,627.1073100140346
3032.216520915316,0.9027222926187662,0.7424657534246575,0.0,552.6117253872214
3000.1291574321936,0.8613255462728113,0.7753424657534247,0.0,546.1181636508293
4710.772880770807,0.9082178181783369,0.4547945205479452,0.0,893.0719140091882
5012.945255108345,0.8662418940619735,0.378271138403401,0.0,961.057204142635
2720.9992043501175,0.875638846451737,0.821917808219178,0.0,493.4890282475434
3022.756200341734,0.8427995444369837,0.7808219178082192,0.0,552.7239881386976
2959.4019264069516,0.9044961697569825,0.7506849315068493,0.0,539.3130741186359
3800.19343201554,0.9002088192849812,0.6164383561643836,0.0,695.7235342474303
3929.2382743291055,0.8597838795079414,0.6109589041095891,0.0,724.9111840851872
3147.616233374898,0.9000494650867885,0.7205479452054795,0.0,570.1524053938402
3974.953846023997,0.9076687400232604,0.5808219178082192,0.0,731.6716215913546
4381.652678812966,0.8893777528229532,0.5315068493150685,0.0,820.6261188201643
3938.774777827635,0.8465786787914291,0.6109589041095891,0.0,727.2689341632124
2586.4414693571725,0.9083291651721903,0.821917808219178,0.0,465.5807955265963
3441.5194487429876,0.8602302135228641,0.6904109589041096,0.0,630.2106083596066
4688.692181094054,0.8795488593095266,0.46301369863013697,0.0,888.0762482195986
3543.8885083752775,0.9062772162554047,0.6657534246575343,0.0,643.8711879017927
3850.5091316132084,0.8574339277058672,0.6356164383561644,0.0,708.1611666843935
3961.115723005173,0.8467922081944839,0.6027397260273972,0.0,731.8744717162712
2965.5773946454524,0.8332816618930498,0.7917808219178082,0.0,544.1146120908411
3301.9837737288995,0.9000417456605976,0.6931506849315068,0.0,600.1072162236137
3685.5738675927114,0.90264796141545,0.6410958904109589,0.0,672.3400701492261
3346.7400292587763,0.8526498519791332,0.7123287671232876,0.0,612.8798225845255
3309.385200734252,0.8517837292710928,0.7205479452054795,0.0,605.6058317540484
5015.997430138482,0.856871582870071,0.33358526216343887,0.0,961.8176678355842
4442.35195293114,0.8815808322293388,0.5150684931506849,0.0,832.7794253254426
3475.204204379865,0.8477298787484733,0.6958904109589041,0.0,636.8479863678115
5009.952184445408,0.9035575958363965,0.36041568256967405,0.0,958.8421243548089
3207.9581977474286,0.9044554942756502,0.7123287671232876,0.0,581.7366398709167
3717.1240843041214,0.8587895926287318,0.6520547945205479,0.0,681.0069990573644
4619.485062578457,0.9055621340976456,0.4712328767123287,0.0,872.9713946615886
2707.5263587859235,0.852160439930738,0.8301369863013699,0.0,492.7323547976572
3128.045187755345,0.8622631236219844,0.7506849315068493,0.0,573.6183382733083
4345.127510274184,0.9042361270466899,0.5232876712328767,0.0,811.4356026142608
4073.7907980866817,0.9022803260242399,0.5616438356164384,0.0,752.7218192810858
3627.8600667117585,0.9035682753662103,0.6520547945205479,0.0,660.044906752435
4172.435301216146,0.9041760796839198,0.5452054794520548,0.0,773.9002824557331
3194.9368555342367,0.8527610316734519,0.7424657534246575,0.0,584.0008462064441
3237.025312801494,0.8582682925298208,0.7315068493150685,0.0,591.7825086945514
2886.4293406189813,0.9030131607269382,0.7726027397260273,0.0,521.367222084028
4036.752863454186,0.9043128988082871,0.5726027397260274,0.0,745.189232400779
4036.445549215235,0.8647912777335768,0.5808219178082192,0.0,746.5286386518247
3043.713427537525,0.7342717533241934,0.7726027397260273,0.0,558.5454416431472
3675.1638639692815,0.8606367391634351,0.6602739726027398,0.0,672.2989245886068
2671.1237472809985,0.9000790490004565,0.8164383561643835,0.0,482.32051312553347
4287.514352034036,0.9028337176002769,0.5315068493150685,0.0,798.4288114409236
3383.832987816914,0.909138939788209,0.6794520547945205,0.0,614.8437738031379
2798.711705020211,0.9015785959601541,0.7835616438356164,0.0,506.51003558010876
2544.886333542389,0.9021204192816579,0.8301369863013699,0.0,457.2179139174653
3762.4142151724327,0.8600982020418382,0.6465753424657534,0.0,690.2012198247893
4383.9480942595055,0.9017338788517836,0.5013698630136987,0.0,821.095494958744
3239.804769243856,0.9109563890717144,0.7013698630136986,0.0,587.8594345959492
3870.3128053968744,0.902332228662394,0.6027397260273972,0.0,709.9591085322548
3940.4637966904197,0.8601456281084593,0.6027397260273972,0.0,726.9725986236036
